<?xml version="1.0" encoding="utf-8"?>
<export version="D">
    <design>
        <source>/home/stefan/src/ardumover/ardu-beta_1/ardumower-read-only/pcb/megashield_svn/ardumower mega shield svn.sch</source>
        <date>Mi 17 Sep 2014 21:47:54 CEST</date>
        <tool>Eeschema (2014-jul-16 BZR unknown)-product</tool>
    </design>
    <components>
        <comp ref="SHIELD1">
            <value>ARDUINO_MEGA_SHIELD</value>
            <footprint>Arduino Mega Shield:ARDUINO MEGA SHIELD</footprint>
            <fields>
                <field name="Reference">SHIELD</field>
                <field name="Value">ARDUINO_MEGA_SHIELD</field>
            </fields>
            <libsource lib="arduino_shieldsNCL" part="ARDUINO_MEGA_SHIELD"/>
            <sheetpath names="/" tstamps="/"/>
            <tstamp>5375252C</tstamp>
        </comp>
        <comp ref="JP2">
            <value>JUMPER</value>
            <footprint>Connect:PINHEAD1-2</footprint>
            <libsource lib="device" part="JUMPER"/>
            <sheetpath names="/" tstamps="/"/>
            <tstamp>537FB697</tstamp>
        </comp>
        <comp ref="D3">
            <value>LED</value>
            <footprint>LEDs:LED-5MM</footprint>
            <libsource lib="device" part="LED"/>
            <sheetpath names="/" tstamps="/"/>
            <tstamp>537FB6F1</tstamp>
        </comp>
        <comp ref="SP1">
            <value>SPEAKER</value>
            <footprint>Buzzers_Beepers:Buzzer_12x9.5RM7.6</footprint>
            <libsource lib="device" part="SPEAKER"/>
            <sheetpath names="/" tstamps="/"/>
            <tstamp>537FB76E</tstamp>
        </comp>
        <comp ref="R5">
            <value>470R</value>
            <footprint>Resistors_ThroughHole:Resistor_Horizontal_RM15mm</footprint>
            <libsource lib="device" part="R"/>
            <sheetpath names="/" tstamps="/"/>
            <tstamp>5384EC7E</tstamp>
        </comp>
        <comp ref="P12">
            <value>Perimeter</value>
            <footprint>Pin_Headers:Pin_Header_Straight_1x04</footprint>
            <libsource lib="ardumower mega shield svn-cache" part="CONN_4"/>
            <sheetpath names="/" tstamps="/"/>
            <tstamp>5384EE13</tstamp>
        </comp>
        <comp ref="R9">
            <value>47K</value>
            <footprint>Resistors_ThroughHole:Resistor_Horizontal_RM15mm</footprint>
            <libsource lib="device" part="R"/>
            <sheetpath names="/" tstamps="/"/>
            <tstamp>5384FFAC</tstamp>
        </comp>
        <comp ref="R10">
            <value>5K</value>
            <footprint>Resistors_ThroughHole:Resistor_Horizontal_RM15mm</footprint>
            <libsource lib="device" part="R"/>
            <sheetpath names="/" tstamps="/"/>
            <tstamp>5384FFC0</tstamp>
        </comp>
        <comp ref="R12">
            <value>47K</value>
            <footprint>Resistors_ThroughHole:Resistor_Horizontal_RM15mm</footprint>
            <libsource lib="device" part="R"/>
            <sheetpath names="/" tstamps="/"/>
            <tstamp>5385024E</tstamp>
        </comp>
        <comp ref="R13">
            <value>5K</value>
            <footprint>Resistors_ThroughHole:Resistor_Horizontal_RM15mm</footprint>
            <libsource lib="device" part="R"/>
            <sheetpath names="/" tstamps="/"/>
            <tstamp>53850254</tstamp>
        </comp>
        <comp ref="R6">
            <value>470R</value>
            <footprint>Resistors_ThroughHole:Resistor_Horizontal_RM15mm</footprint>
            <libsource lib="device" part="R"/>
            <sheetpath names="/" tstamps="/"/>
            <tstamp>53850775</tstamp>
        </comp>
        <comp ref="R7">
            <value>1K</value>
            <footprint>Resistors_ThroughHole:Resistor_Horizontal_RM15mm</footprint>
            <libsource lib="device" part="R"/>
            <sheetpath names="/" tstamps="/"/>
            <tstamp>53850784</tstamp>
        </comp>
        <comp ref="R8">
            <value>1K</value>
            <footprint>Resistors_ThroughHole:Resistor_Horizontal_RM15mm</footprint>
            <libsource lib="device" part="R"/>
            <sheetpath names="/" tstamps="/"/>
            <tstamp>53850952</tstamp>
        </comp>
        <comp ref="P1">
            <value>Sonar C</value>
            <footprint>Pin_Headers:Pin_Header_Straight_1x04</footprint>
            <libsource lib="ardumower mega shield svn-cache" part="CONN_4"/>
            <sheetpath names="/" tstamps="/"/>
            <tstamp>53850AD4</tstamp>
        </comp>
        <comp ref="P2">
            <value>Sonar R</value>
            <footprint>Pin_Headers:Pin_Header_Straight_1x04</footprint>
            <libsource lib="ardumower mega shield svn-cache" part="CONN_4"/>
            <sheetpath names="/" tstamps="/"/>
            <tstamp>53851A62</tstamp>
        </comp>
        <comp ref="P3">
            <value>Sonar L</value>
            <footprint>Pin_Headers:Pin_Header_Straight_1x04</footprint>
            <libsource lib="ardumower mega shield svn-cache" part="CONN_4"/>
            <sheetpath names="/" tstamps="/"/>
            <tstamp>53851BA4</tstamp>
        </comp>
        <comp ref="P14">
            <value>User switch</value>
            <footprint>Pin_Headers:Pin_Header_Straight_1x04</footprint>
            <libsource lib="ardumower mega shield svn-cache" part="CONN_5"/>
            <sheetpath names="/" tstamps="/"/>
            <tstamp>53852677</tstamp>
        </comp>
        <comp ref="P8">
            <value>ODO Right</value>
            <footprint>Pin_Headers:Pin_Header_Straight_1x04</footprint>
            <libsource lib="ardumower mega shield svn-cache" part="CONN_4"/>
            <sheetpath names="/" tstamps="/"/>
            <tstamp>53852D92</tstamp>
        </comp>
        <comp ref="P9">
            <value>ODO Left</value>
            <footprint>Pin_Headers:Pin_Header_Straight_1x04</footprint>
            <libsource lib="ardumower mega shield svn-cache" part="CONN_4"/>
            <sheetpath names="/" tstamps="/"/>
            <tstamp>53852DC8</tstamp>
        </comp>
        <comp ref="K1">
            <value>Tilt sens</value>
            <footprint>Pin_Headers:Pin_Header_Straight_1x03</footprint>
            <libsource lib="ardumower mega shield svn-cache" part="CONN_3"/>
            <sheetpath names="/" tstamps="/"/>
            <tstamp>5385309E</tstamp>
        </comp>
        <comp ref="P6">
            <value>Lawn sens</value>
            <footprint>Pin_Headers:Pin_Header_Straight_1x04</footprint>
            <libsource lib="ardumower mega shield svn-cache" part="CONN_4"/>
            <sheetpath names="/" tstamps="/"/>
            <tstamp>5385368B</tstamp>
        </comp>
        <comp ref="R3">
            <value>2M2</value>
            <footprint>Resistors_ThroughHole:Resistor_Horizontal_RM15mm</footprint>
            <libsource lib="device" part="R"/>
            <sheetpath names="/" tstamps="/"/>
            <tstamp>538536B3</tstamp>
        </comp>
        <comp ref="R4">
            <value>2M2</value>
            <footprint>Resistors_ThroughHole:Resistor_Horizontal_RM15mm</footprint>
            <libsource lib="device" part="R"/>
            <sheetpath names="/" tstamps="/"/>
            <tstamp>538536C2</tstamp>
        </comp>
        <comp ref="Dual1">
            <value>MC33926</value>
            <footprint>Pin_Headers:Pin_Header_Angled_1x18</footprint>
            <libsource lib="ardumower mega shield svn-cache" part="MC33926"/>
            <sheetpath names="/" tstamps="/"/>
            <tstamp>538656B8</tstamp>
        </comp>
        <comp ref="P10">
            <value>GPS RX</value>
            <footprint>Pin_Headers:Pin_Header_Straight_1x06</footprint>
            <libsource lib="ardumower mega shield svn-cache" part="CONN_4"/>
            <sheetpath names="/" tstamps="/"/>
            <tstamp>538663DA</tstamp>
        </comp>
        <comp ref="P7">
            <value>DC/DC</value>
            <footprint>Wire_Pads:SolderWirePad_2x_1-2mmDrill</footprint>
            <libsource lib="ardumower mega shield svn-cache" part="CONN_2"/>
            <sheetpath names="/" tstamps="/"/>
            <tstamp>53866CB8</tstamp>
        </comp>
        <comp ref="U1">
            <value>Traco TSR 1-2450</value>
            <footprint>Power_Integrations:TO-220</footprint>
            <libsource lib="regul" part="7805"/>
            <sheetpath names="/" tstamps="/"/>
            <tstamp>53866DE0</tstamp>
        </comp>
        <comp ref="C1">
            <value>10uF</value>
            <footprint>Capacitors_Elko_ThroughHole:Elko_vert_DM5_RM2-5</footprint>
            <libsource lib="device" part="CP1"/>
            <sheetpath names="/" tstamps="/"/>
            <tstamp>53866E2B</tstamp>
        </comp>
        <comp ref="C2">
            <value>10uF</value>
            <footprint>Capacitors_Elko_ThroughHole:Elko_vert_DM5_RM2-5</footprint>
            <libsource lib="device" part="CP1"/>
            <sheetpath names="/" tstamps="/"/>
            <tstamp>53866E3A</tstamp>
        </comp>
        <comp ref="P5">
            <value>I2C</value>
            <footprint>Pin_Headers:Pin_Header_Straight_1x04</footprint>
            <libsource lib="ardumower mega shield svn-cache" part="CONN_4"/>
            <sheetpath names="/" tstamps="/"/>
            <tstamp>53867437</tstamp>
        </comp>
        <comp ref="P13">
            <value>RC Remote</value>
            <footprint>Pin_Headers:Pin_Header_Straight_1x06</footprint>
            <libsource lib="ardumower mega shield svn-cache" part="CONN_6"/>
            <sheetpath names="/" tstamps="/"/>
            <tstamp>538A4012</tstamp>
        </comp>
        <comp ref="R1">
            <value>470r</value>
            <footprint>Resistors_ThroughHole:Resistor_Horizontal_RM15mm</footprint>
            <libsource lib="device" part="R"/>
            <sheetpath names="/" tstamps="/"/>
            <tstamp>538A5BD3</tstamp>
        </comp>
        <comp ref="R2">
            <value>2k2</value>
            <footprint>Resistors_ThroughHole:Resistor_Horizontal_RM15mm</footprint>
            <libsource lib="device" part="R"/>
            <sheetpath names="/" tstamps="/"/>
            <tstamp>538A5BE2</tstamp>
        </comp>
        <comp ref="D1">
            <value>5V</value>
            <footprint>LEDs:LED-5MM</footprint>
            <libsource lib="device" part="LED"/>
            <sheetpath names="/" tstamps="/"/>
            <tstamp>538A5BFB</tstamp>
        </comp>
        <comp ref="D2">
            <value>24V</value>
            <footprint>LEDs:LED-5MM</footprint>
            <libsource lib="device" part="LED"/>
            <sheetpath names="/" tstamps="/"/>
            <tstamp>538A5C0A</tstamp>
        </comp>
        <comp ref="JP1">
            <value>JUMPER</value>
            <footprint>Connect:PINHEAD1-2</footprint>
            <libsource lib="device" part="JUMPER"/>
            <sheetpath names="/" tstamps="/"/>
            <tstamp>5417E831</tstamp>
        </comp>
        <comp ref="P11">
            <value>Bumper</value>
            <footprint>Pin_Headers:Pin_Header_Straight_1x03</footprint>
            <libsource lib="ardumower mega shield svn-cache" part="CONN_4"/>
            <sheetpath names="/" tstamps="/"/>
            <tstamp>53878C5D</tstamp>
        </comp>
        <comp ref="U2">
            <value>HC05_MODULE_ardumower_</value>
            <footprint>Connect:SIL-4</footprint>
            <libsource lib="ardumower mega shield svn-cache" part="HC05_MODULE_ardumower_"/>
            <sheetpath names="/" tstamps="/"/>
            <tstamp>5418B777</tstamp>
        </comp>
        <comp ref="K2">
            <value>CONN_3</value>
            <footprint>Pin_Headers:Pin_Header_Straight_1x03</footprint>
            <libsource lib="ardumower mega shield svn-cache" part="CONN_3"/>
            <sheetpath names="/" tstamps="/"/>
            <tstamp>54199973</tstamp>
        </comp>
        <comp ref="P4">
            <value>Rain</value>
            <footprint>Pin_Headers:Pin_Header_Straight_1x02</footprint>
            <libsource lib="ardumower mega shield svn-cache" part="CONN_2"/>
            <sheetpath names="/" tstamps="/"/>
            <tstamp>541D6EC8</tstamp>
        </comp>
        <comp ref="Dual2">
            <value>MC33926</value>
            <footprint>Pin_Headers:Pin_Header_Angled_1x18</footprint>
            <libsource lib="ardumower mega shield svn-cache" part="MC33926"/>
            <sheetpath names="/" tstamps="/"/>
            <tstamp>541DE74B</tstamp>
        </comp>
        <comp ref="D4">
            <value>MBR1045 schotky</value>
            <footprint>Diodes_ThroughHole:Diode_DO-35_SOD27_Horizontal_RM10</footprint>
            <libsource lib="device" part="DIODESCH"/>
            <sheetpath names="/" tstamps="/"/>
            <tstamp>541680A1</tstamp>
        </comp>
        <comp ref="P15">
            <value>Mow Motor</value>
            <footprint>Wire_Pads:SolderWirePad_2x_0-8mmDrill</footprint>
            <libsource lib="ardumower mega shield svn-cache" part="CONN_2"/>
            <sheetpath names="/" tstamps="/"/>
            <tstamp>54168B06</tstamp>
        </comp>
        <comp ref="RL1">
            <value>RM50-xx21</value>
            <footprint>Relays_ThroughHole:Relais_SPDT_Schrack-RP-II-1_RM3-5mm</footprint>
            <libsource lib="relays" part="RM50-xx21"/>
            <sheetpath names="/" tstamps="/"/>
            <tstamp>5416F038</tstamp>
        </comp>
        <comp ref="U3">
            <value>ACS754SCB-200</value>
            <footprint>Connect:SIL-3</footprint>
            <libsource lib="sensors" part="ACS754SCB-200"/>
            <sheetpath names="/" tstamps="/"/>
            <tstamp>5417150B</tstamp>
        </comp>
        <comp ref="Q1">
            <value>BC237</value>
            <footprint>Diodes_ThroughHole:Diode_DO-201AD_Horizontal_RM15</footprint>
            <libsource lib="transistors" part="BC237"/>
            <sheetpath names="/" tstamps="/"/>
            <tstamp>54177CE6</tstamp>
        </comp>
        <comp ref="R11">
            <value>2k2</value>
            <footprint>Resistors_ThroughHole:Resistor_Horizontal_RM15mm</footprint>
            <libsource lib="device" part="R"/>
            <sheetpath names="/" tstamps="/"/>
            <tstamp>5417895F</tstamp>
        </comp>
        <comp ref="Ladeanschluss1">
            <value>DC/DC</value>
            <footprint>Wire_Pads:SolderWirePad_2x_1-2mmDrill</footprint>
            <libsource lib="ardumower mega shield svn-cache" part="CONN_2"/>
            <sheetpath names="/" tstamps="/"/>
            <tstamp>541A0C85</tstamp>
        </comp>
    </components>
    <libparts>
        <libpart lib="transistors" part="BC237">
            <description>BC237, Vce 50V, Ic 100mA, NPN Epitaxial Silicon Transistor, TO-92</description>
            <docs>transistors/bipolar/bc237.pdf</docs>
            <footprints>
                <fp>TO92-EBC</fp>
            </footprints>
            <fields>
                <field name="Reference">Q</field>
                <field name="Value">BC237</field>
                <field name="Footprint">TO92-EBC</field>
            </fields>
            <pins>
                <pin num="B" name="B" type="input"/>
                <pin num="C" name="C" type="passive"/>
                <pin num="E" name="E" type="passive"/>
            </pins>
        </libpart>
        <libpart lib="device" part="CP1">
            <description>Condensateur polarise</description>
            <footprints>
                <fp>CP*</fp>
                <fp>SM*</fp>
            </footprints>
            <fields>
                <field name="Reference">C</field>
                <field name="Value">CP1</field>
            </fields>
            <pins>
                <pin num="1" name="~" type="passive"/>
                <pin num="2" name="~" type="passive"/>
            </pins>
        </libpart>
        <libpart lib="device" part="DIODESCH">
            <description>Diode schottky</description>
            <footprints>
                <fp>D?</fp>
                <fp>S*</fp>
            </footprints>
            <fields>
                <field name="Reference">D</field>
                <field name="Value">DIODESCH</field>
            </fields>
            <pins>
                <pin num="1" name="A" type="passive"/>
                <pin num="2" name="K" type="passive"/>
            </pins>
        </libpart>
        <libpart lib="device" part="JUMPER">
            <fields>
                <field name="Reference">JP</field>
                <field name="Value">JUMPER</field>
            </fields>
            <pins>
                <pin num="1" name="1" type="passive"/>
                <pin num="2" name="2" type="passive"/>
            </pins>
        </libpart>
        <libpart lib="device" part="LED">
            <footprints>
                <fp>LED-3MM</fp>
                <fp>LED-5MM</fp>
                <fp>LED-10MM</fp>
                <fp>LED-0603</fp>
                <fp>LED-0805</fp>
                <fp>LED-1206</fp>
                <fp>LEDV</fp>
            </footprints>
            <fields>
                <field name="Reference">D</field>
                <field name="Value">LED</field>
            </fields>
            <pins>
                <pin num="1" name="A" type="passive"/>
                <pin num="2" name="K" type="passive"/>
            </pins>
        </libpart>
        <libpart lib="device" part="R">
            <description>Resistance</description>
            <footprints>
                <fp>R?</fp>
                <fp>SM0603</fp>
                <fp>SM0805</fp>
                <fp>R?-*</fp>
                <fp>SM1206</fp>
            </footprints>
            <fields>
                <field name="Reference">R</field>
                <field name="Value">R</field>
            </fields>
            <pins>
                <pin num="1" name="~" type="passive"/>
                <pin num="2" name="~" type="passive"/>
            </pins>
        </libpart>
        <libpart lib="device" part="SPEAKER">
            <fields>
                <field name="Reference">SP</field>
                <field name="Value">SPEAKER</field>
            </fields>
            <pins>
                <pin num="1" name="1" type="input"/>
                <pin num="2" name="2" type="input"/>
            </pins>
        </libpart>
        <libpart lib="regul" part="7805">
            <aliases>
                <alias>LM7805</alias>
                <alias>LM7812</alias>
                <alias>78L05</alias>
            </aliases>
            <description>Linear Regulator +5V</description>
            <docs>regulator\lm78xx.pdf</docs>
            <fields>
                <field name="Reference">U</field>
                <field name="Value">7805</field>
            </fields>
            <pins>
                <pin num="GND" name="GND" type="input"/>
                <pin num="VI" name="VI" type="input"/>
                <pin num="VO" name="VO" type="power_out"/>
            </pins>
        </libpart>
        <libpart lib="relays" part="FINDER-32.21-x300">
            <aliases>
                <alias>FINDER-36.11-4301</alias>
                <alias>RM50-xx21</alias>
            </aliases>
            <fields>
                <field name="Reference">RL</field>
                <field name="Value">FINDER-32.21-x300</field>
            </fields>
            <pins>
                <pin num="11" name="~" type="passive"/>
                <pin num="14" name="~" type="passive"/>
                <pin num="A1" name="~" type="passive"/>
                <pin num="A2" name="~" type="passive"/>
            </pins>
        </libpart>
        <libpart lib="sensors" part="ACS754SCB-200">
            <description>Current Sensor: ACS754SCB-200</description>
            <docs>http://www.allegromicro.com/~/media/Files/Datasheets/ACS754-200-Datasheet.ashx</docs>
            <fields>
                <field name="Reference">U</field>
                <field name="Value">ACS754SCB-200</field>
            </fields>
            <pins>
                <pin num="1" name="VCC" type="power_in"/>
                <pin num="2" name="GND" type="power_in"/>
                <pin num="3" name="OUT" type="output"/>
                <pin num="4" name="IP+" type="input"/>
                <pin num="5" name="IP-" type="input"/>
            </pins>
        </libpart>
        <libpart lib="arduino_shieldsNCL" part="ARDUINO_MEGA_SHIELD">
            <fields>
                <field name="Reference">SHIELD</field>
                <field name="Value">ARDUINO_MEGA_SHIELD</field>
            </fields>
            <pins>
                <pin num="0" name="RX0" type="BiDi"/>
                <pin num="1" name="TX0" type="BiDi"/>
                <pin num="2" name="2" type="BiDi"/>
                <pin num="3" name="3" type="BiDi"/>
                <pin num="4" name="4" type="BiDi"/>
                <pin num="5" name="5" type="BiDi"/>
                <pin num="5V" name="5V" type="power_in"/>
                <pin num="6" name="6" type="BiDi"/>
                <pin num="7" name="7" type="BiDi"/>
                <pin num="8" name="8" type="BiDi"/>
                <pin num="9" name="9" type="BiDi"/>
                <pin num="10" name="10" type="BiDi"/>
                <pin num="11" name="11" type="BiDi"/>
                <pin num="12" name="12" type="BiDi"/>
                <pin num="13" name="13" type="BiDi"/>
                <pin num="14" name="TX3" type="BiDi"/>
                <pin num="15" name="RX3" type="BiDi"/>
                <pin num="16" name="TX2" type="BiDi"/>
                <pin num="17" name="RX2" type="BiDi"/>
                <pin num="18" name="TX1" type="BiDi"/>
                <pin num="19" name="RX1" type="BiDi"/>
                <pin num="20" name="SDA" type="BiDi"/>
                <pin num="21" name="SCL" type="BiDi"/>
                <pin num="22" name="PA0" type="BiDi"/>
                <pin num="23" name="PA1" type="BiDi"/>
                <pin num="24" name="PA2" type="BiDi"/>
                <pin num="25" name="PA3" type="BiDi"/>
                <pin num="26" name="PA4" type="BiDi"/>
                <pin num="27" name="PA5" type="BiDi"/>
                <pin num="28" name="PA6" type="BiDi"/>
                <pin num="29" name="PA7" type="BiDi"/>
                <pin num="30" name="PC7" type="BiDi"/>
                <pin num="31" name="PC6" type="BiDi"/>
                <pin num="32" name="PC5" type="BiDi"/>
                <pin num="33" name="PC4" type="BiDi"/>
                <pin num="34" name="PC3" type="BiDi"/>
                <pin num="35" name="PC2" type="BiDi"/>
                <pin num="36" name="PC1" type="BiDi"/>
                <pin num="37" name="PC0" type="BiDi"/>
                <pin num="38" name="PD7" type="BiDi"/>
                <pin num="39" name="PG2" type="BiDi"/>
                <pin num="40" name="PG1" type="BiDi"/>
                <pin num="41" name="PG0" type="BiDi"/>
                <pin num="42" name="PL7" type="BiDi"/>
                <pin num="43" name="PL6" type="BiDi"/>
                <pin num="44" name="PL5" type="BiDi"/>
                <pin num="45" name="PL4" type="BiDi"/>
                <pin num="46" name="PL3" type="BiDi"/>
                <pin num="47" name="PL2" type="BiDi"/>
                <pin num="48" name="PL1" type="BiDi"/>
                <pin num="49" name="PL0" type="BiDi"/>
                <pin num="50" name="PB3_(MISO)" type="BiDi"/>
                <pin num="51" name="PB2_(MOSI)" type="BiDi"/>
                <pin num="52" name="PB1_(SCK)" type="BiDi"/>
                <pin num="53" name="PB0_(SS)" type="BiDi"/>
                <pin num="3V3" name="3V3" type="power_in"/>
                <pin num="5V_4" name="5V_4" type="power_in"/>
                <pin num="5V_5" name="5V_5" type="power_in"/>
                <pin num="AD0" name="AD0" type="BiDi"/>
                <pin num="AD1" name="AD1" type="BiDi"/>
                <pin num="AD2" name="AD2" type="BiDi"/>
                <pin num="AD3" name="AD3" type="BiDi"/>
                <pin num="AD4" name="AD4" type="BiDi"/>
                <pin num="AD5" name="AD5" type="BiDi"/>
                <pin num="AD6" name="AD6" type="BiDi"/>
                <pin num="AD7" name="AD7" type="BiDi"/>
                <pin num="AD8" name="AD8" type="BiDi"/>
                <pin num="AD9" name="AD9" type="BiDi"/>
                <pin num="AD10" name="AD10" type="BiDi"/>
                <pin num="AD11" name="AD11" type="BiDi"/>
                <pin num="AD12" name="AD12" type="BiDi"/>
                <pin num="AD13" name="AD13" type="BiDi"/>
                <pin num="AD14" name="AD14" type="BiDi"/>
                <pin num="AD15" name="AD15" type="BiDi"/>
                <pin num="AREF" name="AREF" type="power_in"/>
                <pin num="GND1" name="GND1" type="power_in"/>
                <pin num="GND2" name="GND2" type="power_in"/>
                <pin num="GND3" name="GND3" type="power_in"/>
                <pin num="GND4" name="GND4" type="power_in"/>
                <pin num="GND5" name="GND5" type="power_in"/>
                <pin num="RST" name="RST" type="input"/>
                <pin num="V_IN" name="V_IN" type="power_in"/>
            </pins>
        </libpart>
        <libpart lib="ardumower mega shield svn-cache" part="CONN_2">
            <fields>
                <field name="Reference">P</field>
                <field name="Value">CONN_2</field>
            </fields>
            <pins>
                <pin num="1" name="P1" type="passive"/>
                <pin num="2" name="PM" type="passive"/>
            </pins>
        </libpart>
        <libpart lib="ardumower mega shield svn-cache" part="CONN_3">
            <fields>
                <field name="Reference">K</field>
                <field name="Value">CONN_3</field>
            </fields>
            <pins>
                <pin num="1" name="P1" type="passive"/>
                <pin num="2" name="PM" type="passive"/>
                <pin num="3" name="P3" type="passive"/>
            </pins>
        </libpart>
        <libpart lib="ardumower mega shield svn-cache" part="CONN_4">
            <fields>
                <field name="Reference">P</field>
                <field name="Value">CONN_4</field>
            </fields>
            <pins>
                <pin num="1" name="P1" type="passive"/>
                <pin num="2" name="P2" type="passive"/>
                <pin num="3" name="P3" type="passive"/>
                <pin num="4" name="P4" type="passive"/>
            </pins>
        </libpart>
        <libpart lib="ardumower mega shield svn-cache" part="CONN_5">
            <fields>
                <field name="Reference">P</field>
                <field name="Value">CONN_5</field>
            </fields>
            <pins>
                <pin num="1" name="~" type="passive"/>
                <pin num="2" name="~" type="passive"/>
                <pin num="3" name="~" type="passive"/>
                <pin num="4" name="~" type="passive"/>
                <pin num="5" name="~" type="passive"/>
            </pins>
        </libpart>
        <libpart lib="ardumower mega shield svn-cache" part="CONN_6">
            <fields>
                <field name="Reference">P</field>
                <field name="Value">CONN_6</field>
            </fields>
            <pins>
                <pin num="1" name="1" type="passive"/>
                <pin num="2" name="2" type="passive"/>
                <pin num="3" name="3" type="passive"/>
                <pin num="4" name="4" type="passive"/>
                <pin num="5" name="5" type="passive"/>
                <pin num="6" name="6" type="passive"/>
            </pins>
        </libpart>
        <libpart lib="ardumower mega shield svn-cache" part="HC05_MODULE_ardumower_">
            <fields>
                <field name="Reference">U</field>
                <field name="Value">HC05_MODULE_ardumower_</field>
            </fields>
            <pins>
                <pin num="1" name="Led" type="output"/>
                <pin num="2" name="Key" type="input"/>
                <pin num="3" name="RXD" type="input"/>
                <pin num="4" name="TXD" type="output"/>
                <pin num="5" name="GND" type="power_out"/>
                <pin num="6" name="VCC" type="power_in"/>
            </pins>
        </libpart>
        <libpart lib="ardumower mega shield svn-cache" part="MC33926">
            <fields>
                <field name="Reference">U</field>
                <field name="Value">MC33926</field>
            </fields>
            <pins>
                <pin num="1" name="VIN" type="input"/>
                <pin num="2" name="GND" type="input"/>
                <pin num="3" name="Vdd" type="input"/>
                <pin num="4" name="M1IN2" type="input"/>
                <pin num="5" name="M1IN1" type="input"/>
                <pin num="6" name="M1nD2" type="input"/>
                <pin num="7" name="M1D1" type="input"/>
                <pin num="8" name="M1nSF" type="input"/>
                <pin num="9" name="M1FB" type="input"/>
                <pin num="10" name="EN" type="input"/>
                <pin num="11" name="SLEW" type="input"/>
                <pin num="12" name="INV" type="input"/>
                <pin num="13" name="M2IN2" type="input"/>
                <pin num="14" name="M2IN1" type="input"/>
                <pin num="15" name="M2nD2" type="input"/>
                <pin num="16" name="M2D1" type="input"/>
                <pin num="17" name="M2nSF" type="input"/>
                <pin num="18" name="M2_FB" type="input"/>
                <pin num="~" name="VIN" type="input"/>
            </pins>
        </libpart>
    </libparts>
    <libraries>
        <library logical="transistors">
            <uri>/usr/share/kicad/library/transistors.lib</uri>
        </library>
        <library logical="device">
            <uri>/usr/share/kicad/library/device.lib</uri>
        </library>
        <library logical="regul">
            <uri>/usr/share/kicad/library/regul.lib</uri>
        </library>
        <library logical="relays">
            <uri>/usr/share/kicad/library/relays.lib</uri>
        </library>
        <library logical="sensors">
            <uri>/usr/share/kicad/library/sensors.lib</uri>
        </library>
        <library logical="arduino_shieldsNCL">
            <uri>/home/stefan/src/ardumover/kicad/Arduino_Shield_Modules_for_KiCad_V3/arduino_shieldsNCL.lib</uri>
        </library>
        <library logical="ardumower mega shield svn-cache">
            <uri>/home/stefan/src/ardumover/ardu-beta_1/ardumower-read-only/pcb/megashield_svn/ardumower mega shield svn-cache.lib</uri>
        </library>
    </libraries>
    <nets>
        <net code="1" name="pinOdometryRight">
            <node ref="P8" pin="2"/>
            <node ref="SHIELD1" pin="AD15"/>
        </net>
        <net code="2" name="pinOdometryLeft2">
            <node ref="P9" pin="3"/>
            <node ref="SHIELD1" pin="AD13"/>
        </net>
        <net code="3" name="pinLawnFrontSend">
            <node ref="SHIELD1" pin="41"/>
            <node ref="R4" pin="2"/>
        </net>
        <net code="4" name="pinButton">
            <node ref="SHIELD1" pin="51"/>
            <node ref="K2" pin="2"/>
        </net>
        <net code="5" name="Net-(C2-Pad1)">
            <node ref="U1" pin="VO"/>
            <node ref="C2" pin="1"/>
            <node ref="JP1" pin="1"/>
        </net>
        <net code="6" name="pinTilt">
            <node ref="SHIELD1" pin="35"/>
            <node ref="K1" pin="2"/>
        </net>
        <net code="7" name="pinRemoteSwitch">
            <node ref="P13" pin="5"/>
            <node ref="SHIELD1" pin="52"/>
        </net>
        <net code="8" name="pinLawnBackRecv">
            <node ref="P6" pin="2"/>
            <node ref="SHIELD1" pin="42"/>
        </net>
        <net code="9" name="pinMotorRightSense">
            <node ref="SHIELD1" pin="AD0"/>
            <node ref="Dual1" pin="18"/>
        </net>
        <net code="10" name="pinMotorEnable">
            <node ref="SHIELD1" pin="37"/>
            <node ref="Dual1" pin="10"/>
        </net>
        <net code="11" name="pinBumperRight">
            <node ref="SHIELD1" pin="38"/>
            <node ref="P11" pin="2"/>
        </net>
        <net code="12" name="pinBumperLeft">
            <node ref="P11" pin="3"/>
            <node ref="SHIELD1" pin="39"/>
        </net>
        <net code="13" name="SDA">
            <node ref="SHIELD1" pin="20"/>
            <node ref="P5" pin="2"/>
        </net>
        <net code="14" name="pinRemoteMow">
            <node ref="SHIELD1" pin="12"/>
            <node ref="P13" pin="2"/>
        </net>
        <net code="15" name="pinRemoteSteer">
            <node ref="SHIELD1" pin="11"/>
            <node ref="P13" pin="3"/>
        </net>
        <net code="16" name="pinRemoteSpeed">
            <node ref="SHIELD1" pin="10"/>
            <node ref="P13" pin="4"/>
        </net>
        <net code="17" name="pinMotorMowRpm">
            <node ref="SHIELD1" pin="18"/>
        </net>
        <net code="18" name="SCL">
            <node ref="SHIELD1" pin="21"/>
            <node ref="P5" pin="3"/>
        </net>
        <net code="19" name="Net-(JP2-Pad2)">
            <node ref="U2" pin="2"/>
            <node ref="JP2" pin="2"/>
        </net>
        <net code="20" name="pinMotorLeftFault">
            <node ref="Dual1" pin="8"/>
            <node ref="SHIELD1" pin="25"/>
        </net>
        <net code="21" name="pinSonarRightEcho">
            <node ref="P2" pin="3"/>
            <node ref="SHIELD1" pin="32"/>
        </net>
        <net code="22" name="pinSonarRightTrigger">
            <node ref="P2" pin="2"/>
            <node ref="SHIELD1" pin="30"/>
        </net>
        <net code="23" name="pinSonarLeftEcho">
            <node ref="SHIELD1" pin="36"/>
            <node ref="P3" pin="3"/>
        </net>
        <net code="24" name="pinSonarLeftTrigger">
            <node ref="P3" pin="2"/>
            <node ref="SHIELD1" pin="34"/>
        </net>
        <net code="25" name="pinUserSwitch2">
            <node ref="P14" pin="3"/>
            <node ref="SHIELD1" pin="47"/>
        </net>
        <net code="26" name="pinUserSwitch1">
            <node ref="SHIELD1" pin="46"/>
            <node ref="P14" pin="2"/>
        </net>
        <net code="27" name="pinUserSwitch3">
            <node ref="SHIELD1" pin="48"/>
            <node ref="P14" pin="4"/>
        </net>
        <net code="28" name="pinSonarCenterEcho">
            <node ref="SHIELD1" pin="22"/>
            <node ref="P1" pin="3"/>
        </net>
        <net code="29" name="pinSonarCenterTrigger">
            <node ref="SHIELD1" pin="24"/>
            <node ref="P1" pin="2"/>
        </net>
        <net code="30" name="pinMotorLeftSense">
            <node ref="SHIELD1" pin="AD1"/>
            <node ref="Dual1" pin="9"/>
        </net>
        <net code="31" name="GPS_TX">
            <node ref="SHIELD1" pin="15"/>
            <node ref="P10" pin="3"/>
        </net>
        <net code="32" name="GPS_RX">
            <node ref="SHIELD1" pin="14"/>
            <node ref="P10" pin="2"/>
        </net>
        <net code="34" name="pinMotorRightFault">
            <node ref="SHIELD1" pin="27"/>
            <node ref="Dual1" pin="17"/>
        </net>
        <net code="35" name="pinLawnBackSend">
            <node ref="SHIELD1" pin="43"/>
            <node ref="R3" pin="2"/>
        </net>
        <net code="36" name="Net-(P6-Pad3)">
            <node ref="P6" pin="3"/>
            <node ref="R4" pin="1"/>
        </net>
        <net code="37" name="pinLawnFrontRecv">
            <node ref="SHIELD1" pin="40"/>
            <node ref="P6" pin="4"/>
        </net>
        <net code="38" name="Net-(P6-Pad1)">
            <node ref="P6" pin="1"/>
            <node ref="R3" pin="1"/>
        </net>
        <net code="39" name="Net-(D4-Pad1)">
            <node ref="D4" pin="1"/>
            <node ref="P15" pin="2"/>
        </net>
        <net code="40" name="+5V">
            <node ref="P13" pin="1"/>
            <node ref="R8" pin="2"/>
            <node ref="P5" pin="1"/>
            <node ref="P10" pin="1"/>
            <node ref="Dual2" pin="15"/>
            <node ref="SHIELD1" pin="5V"/>
            <node ref="R1" pin="1"/>
            <node ref="JP1" pin="2"/>
            <node ref="U2" pin="6"/>
            <node ref="Dual1" pin="3"/>
            <node ref="P12" pin="1"/>
            <node ref="Dual1" pin="6"/>
            <node ref="Dual1" pin="15"/>
            <node ref="P3" pin="1"/>
            <node ref="P9" pin="1"/>
            <node ref="K1" pin="1"/>
            <node ref="P2" pin="1"/>
            <node ref="P1" pin="1"/>
            <node ref="P8" pin="1"/>
            <node ref="P14" pin="1"/>
            <node ref="U3" pin="1"/>
        </net>
        <net code="41" name="+24V">
            <node ref="Dual2" pin="~"/>
            <node ref="R2" pin="1"/>
            <node ref="R12" pin="1"/>
            <node ref="U3" pin="4"/>
            <node ref="U1" pin="VI"/>
            <node ref="P7" pin="1"/>
            <node ref="C1" pin="1"/>
        </net>
        <net code="42" name="Net-(D4-Pad2)">
            <node ref="Dual2" pin="~"/>
            <node ref="D4" pin="2"/>
            <node ref="P15" pin="1"/>
        </net>
        <net code="43" name="+3.3V">
            <node ref="SHIELD1" pin="3V3"/>
            <node ref="JP2" pin="1"/>
        </net>
        <net code="44" name="GND">
            <node ref="D1" pin="2"/>
            <node ref="D2" pin="2"/>
            <node ref="P2" pin="4"/>
            <node ref="D3" pin="2"/>
            <node ref="SP1" pin="1"/>
            <node ref="SHIELD1" pin="GND5"/>
            <node ref="P12" pin="4"/>
            <node ref="SHIELD1" pin="GND2"/>
            <node ref="SHIELD1" pin="GND1"/>
            <node ref="SHIELD1" pin="GND3"/>
            <node ref="SHIELD1" pin="GND4"/>
            <node ref="U1" pin="GND"/>
            <node ref="P7" pin="2"/>
            <node ref="P9" pin="4"/>
            <node ref="K1" pin="3"/>
            <node ref="P10" pin="4"/>
            <node ref="P5" pin="4"/>
            <node ref="C2" pin="2"/>
            <node ref="C1" pin="2"/>
            <node ref="P13" pin="6"/>
            <node ref="Dual1" pin="16"/>
            <node ref="Dual1" pin="~"/>
            <node ref="Dual1" pin="7"/>
            <node ref="Dual1" pin="2"/>
            <node ref="K2" pin="3"/>
            <node ref="U2" pin="5"/>
            <node ref="P11" pin="4"/>
            <node ref="RL1" pin="A2"/>
            <node ref="Ladeanschluss1" pin="2"/>
            <node ref="P3" pin="4"/>
            <node ref="Q1" pin="E"/>
            <node ref="P14" pin="5"/>
            <node ref="R10" pin="2"/>
            <node ref="Dual2" pin="~"/>
            <node ref="Dual2" pin="16"/>
            <node ref="U3" pin="2"/>
            <node ref="R13" pin="2"/>
            <node ref="R7" pin="2"/>
            <node ref="P4" pin="2"/>
            <node ref="P1" pin="4"/>
            <node ref="P8" pin="4"/>
        </net>
        <net code="45" name="pinChargeCurrent">
            <node ref="SHIELD1" pin="AD8"/>
            <node ref="U3" pin="3"/>
        </net>
        <net code="46" name="Net-(Q1-PadC)">
            <node ref="RL1" pin="A1"/>
            <node ref="Q1" pin="C"/>
        </net>
        <net code="47" name="Net-(Q1-PadB)">
            <node ref="R11" pin="1"/>
            <node ref="Q1" pin="B"/>
        </net>
        <net code="48" name="pinChargingEnable">
            <node ref="R11" pin="2"/>
            <node ref="SHIELD1" pin="50"/>
        </net>
        <net code="49" name="Net-(Ladeanschluss1-Pad1)">
            <node ref="R9" pin="1"/>
            <node ref="Ladeanschluss1" pin="1"/>
            <node ref="RL1" pin="14"/>
        </net>
        <net code="50" name="Net-(RL1-Pad11)">
            <node ref="RL1" pin="11"/>
            <node ref="U3" pin="5"/>
        </net>
        <net code="51" name="pinLed">
            <node ref="K2" pin="1"/>
            <node ref="SHIELD1" pin="13"/>
            <node ref="R5" pin="2"/>
        </net>
        <net code="52" name="Net-(SHIELD1-Pad45)">
            <node ref="SHIELD1" pin="45"/>
        </net>
        <net code="53" name="pinRain">
            <node ref="P4" pin="1"/>
            <node ref="SHIELD1" pin="44"/>
        </net>
        <net code="54" name="Net-(SHIELD1-Pad19)">
            <node ref="SHIELD1" pin="19"/>
        </net>
        <net code="55" name="Net-(Dual2-Pad1)">
            <node ref="Dual2" pin="1"/>
        </net>
        <net code="56" name="Net-(Dual2-Pad2)">
            <node ref="Dual2" pin="2"/>
        </net>
        <net code="57" name="Net-(Dual2-Pad3)">
            <node ref="Dual2" pin="3"/>
        </net>
        <net code="58" name="Net-(Dual2-Pad4)">
            <node ref="Dual2" pin="4"/>
        </net>
        <net code="59" name="Net-(Dual2-Pad5)">
            <node ref="Dual2" pin="5"/>
        </net>
        <net code="60" name="Net-(Dual2-Pad6)">
            <node ref="Dual2" pin="6"/>
        </net>
        <net code="61" name="Net-(Dual2-Pad7)">
            <node ref="Dual2" pin="7"/>
        </net>
        <net code="62" name="pinOdometryRight2">
            <node ref="P8" pin="3"/>
            <node ref="SHIELD1" pin="AD14"/>
        </net>
        <net code="63" name="Net-(Dual2-Pad8)">
            <node ref="Dual2" pin="8"/>
        </net>
        <net code="64" name="pinMotorRightPWM">
            <node ref="SHIELD1" pin="3"/>
            <node ref="Dual1" pin="14"/>
        </net>
        <net code="65" name="pinMotorLeftPWM">
            <node ref="Dual1" pin="5"/>
            <node ref="SHIELD1" pin="5"/>
        </net>
        <net code="66" name="pinOdometryLeft">
            <node ref="SHIELD1" pin="AD12"/>
            <node ref="P9" pin="2"/>
        </net>
        <net code="67" name="pinMotorMowEnable">
            <node ref="Dual2" pin="10"/>
            <node ref="SHIELD1" pin="28"/>
        </net>
        <net code="68" name="pinMotorMowFault">
            <node ref="Dual2" pin="17"/>
            <node ref="SHIELD1" pin="26"/>
        </net>
        <net code="69" name="pinMotorMowSense">
            <node ref="Dual2" pin="18"/>
            <node ref="SHIELD1" pin="AD3"/>
        </net>
        <net code="70" name="pinMotorMowDir">
            <node ref="Dual2" pin="13"/>
            <node ref="SHIELD1" pin="29"/>
        </net>
        <net code="71" name="Net-(Dual2-Pad~)">
            <node ref="Dual2" pin="~"/>
        </net>
        <net code="72" name="pinMotorMowPWM">
            <node ref="Dual2" pin="14"/>
            <node ref="SHIELD1" pin="2"/>
        </net>
        <net code="73" name="Net-(Dual2-Pad9)">
            <node ref="Dual2" pin="9"/>
        </net>
        <net code="74" name="Net-(Dual2-Pad~)">
            <node ref="Dual2" pin="~"/>
        </net>
        <net code="75" name="Net-(Dual2-Pad11)">
            <node ref="Dual2" pin="11"/>
        </net>
        <net code="76" name="Net-(Dual2-Pad12)">
            <node ref="Dual2" pin="12"/>
        </net>
        <net code="77" name="pinBatteryVoltage">
            <node ref="R12" pin="2"/>
            <node ref="R13" pin="1"/>
            <node ref="SHIELD1" pin="AD2"/>
        </net>
        <net code="78" name="pinChargeVoltage">
            <node ref="SHIELD1" pin="AD9"/>
            <node ref="R9" pin="2"/>
            <node ref="R10" pin="1"/>
        </net>
        <net code="79" name="TX2">
            <node ref="R6" pin="1"/>
            <node ref="SHIELD1" pin="16"/>
        </net>
        <net code="80" name="Net-(R6-Pad2)">
            <node ref="R7" pin="1"/>
            <node ref="R6" pin="2"/>
            <node ref="U2" pin="3"/>
        </net>
        <net code="81" name="RX2">
            <node ref="U2" pin="4"/>
            <node ref="SHIELD1" pin="17"/>
            <node ref="R8" pin="1"/>
        </net>
        <net code="82" name="Net-(SHIELD1-PadAD7)">
            <node ref="SHIELD1" pin="AD7"/>
        </net>
        <net code="83" name="Net-(SHIELD1-PadAD6)">
            <node ref="SHIELD1" pin="AD6"/>
        </net>
        <net code="84" name="Net-(SHIELD1-PadAD11)">
            <node ref="SHIELD1" pin="AD11"/>
        </net>
        <net code="85" name="Net-(SHIELD1-PadAD10)">
            <node ref="SHIELD1" pin="AD10"/>
        </net>
        <net code="86" name="Net-(SHIELD1-PadV_IN)">
            <node ref="SHIELD1" pin="V_IN"/>
        </net>
        <net code="87" name="Net-(SHIELD1-PadRST)">
            <node ref="SHIELD1" pin="RST"/>
        </net>
        <net code="88" name="Net-(SHIELD1-PadAREF)">
            <node ref="SHIELD1" pin="AREF"/>
        </net>
        <net code="89" name="Net-(SHIELD1-Pad5V_4)">
            <node ref="SHIELD1" pin="5V_4"/>
        </net>
        <net code="90" name="Net-(SHIELD1-Pad5V_5)">
            <node ref="SHIELD1" pin="5V_5"/>
        </net>
        <net code="91" name="Net-(SHIELD1-Pad49)">
            <node ref="SHIELD1" pin="49"/>
        </net>
        <net code="92" name="Net-(SHIELD1-Pad1)">
            <node ref="SHIELD1" pin="1"/>
        </net>
        <net code="93" name="Net-(SHIELD1-Pad4)">
            <node ref="SHIELD1" pin="4"/>
        </net>
        <net code="94" name="Net-(SHIELD1-Pad6)">
            <node ref="SHIELD1" pin="6"/>
        </net>
        <net code="95" name="Net-(SHIELD1-Pad7)">
            <node ref="SHIELD1" pin="7"/>
        </net>
        <net code="96" name="Net-(SHIELD1-Pad8)">
            <node ref="SHIELD1" pin="8"/>
        </net>
        <net code="97" name="Net-(SHIELD1-Pad9)">
            <node ref="SHIELD1" pin="9"/>
        </net>
        <net code="98" name="pinMotorLeftDir">
            <node ref="SHIELD1" pin="31"/>
            <node ref="Dual1" pin="4"/>
        </net>
        <net code="99" name="Net-(SHIELD1-Pad23)">
            <node ref="SHIELD1" pin="23"/>
        </net>
        <net code="100" name="pinMotorRightDir">
            <node ref="SHIELD1" pin="33"/>
            <node ref="Dual1" pin="13"/>
        </net>
        <net code="102" name="pinBuzzer">
            <node ref="SHIELD1" pin="53"/>
            <node ref="SP1" pin="2"/>
        </net>
        <net code="103" name="Net-(D3-Pad1)">
            <node ref="R5" pin="1"/>
            <node ref="D3" pin="1"/>
        </net>
        <net code="104" name="Net-(P12-Pad2)">
            <node ref="P12" pin="2"/>
        </net>
        <net code="105" name="pinPerimeterLeft">
            <node ref="P12" pin="3"/>
            <node ref="SHIELD1" pin="AD5"/>
        </net>
        <net code="106" name="Net-(SHIELD1-PadAD4)">
            <node ref="SHIELD1" pin="AD4"/>
        </net>
        <net code="107" name="Net-(D1-Pad1)">
            <node ref="R1" pin="2"/>
            <node ref="D1" pin="1"/>
        </net>
        <net code="108" name="Net-(D2-Pad1)">
            <node ref="R2" pin="2"/>
            <node ref="D2" pin="1"/>
        </net>
        <net code="110" name="Net-(SHIELD1-Pad0)">
            <node ref="SHIELD1" pin="0"/>
        </net>
        <net code="112" name="Net-(U2-Pad1)">
            <node ref="U2" pin="1"/>
        </net>
        <net code="113" name="Net-(P11-Pad1)">
            <node ref="P11" pin="1"/>
        </net>
        <net code="114" name="Net-(Dual1-Pad~)">
            <node ref="Dual1" pin="~"/>
        </net>
        <net code="115" name="Net-(Dual1-Pad1)">
            <node ref="Dual1" pin="1"/>
        </net>
        <net code="116" name="Net-(Dual1-Pad~)">
            <node ref="Dual1" pin="~"/>
        </net>
        <net code="117" name="Net-(Dual1-Pad~)">
            <node ref="Dual1" pin="~"/>
        </net>
        <net code="118" name="Net-(Dual1-Pad~)">
            <node ref="Dual1" pin="~"/>
        </net>
        <net code="119" name="Net-(Dual1-Pad11)">
            <node ref="Dual1" pin="11"/>
        </net>
        <net code="120" name="Net-(Dual1-Pad12)">
            <node ref="Dual1" pin="12"/>
        </net>
    </nets>
</export>
